<?xml version="1.0" encoding="UTF-8"?>
<extension type="file" version="3.0" method="upgrade">
	<name>jf_corporate_ku_3</name>
	<author>JoomForest.com</author>
	<creationDate>05.05.16</creationDate>
	<copyright>Copyright (C) 2011-2016 JoomForest.com, All rights reserved.</copyright>
	<authorEmail>support@joomforest.com</authorEmail>
	<authorUrl>http://www.joomforest.com/</authorUrl>
	<description></description>
	<version>2.2</version>
	<scriptfile>jf_corporate_ku_3.php</scriptfile>
	<fileset>
		<files folder="copy" target="/">
			<folder>components</folder>
			<folder>media</folder>
		</files>
	</fileset>
</extension>